{
    "Accuracy": 0.9995,
    "Precision": 1.0,
    "Recall": 0.9974683544303797,
    "F1 Score": 0.9987325728770595
}